country,species,quantity,division,code,conditions
GER,ARU,24,Union and international waters of 1 and 2,area_1_2,
FRA,ARU,8,Union and international waters of 1 and 2,area_1_2,
NLD,ARU,19,Union and international waters of 1 and 2,area_1_2,
UK,ARU,39,Union and international waters of 1 and 2,area_1_2,
DEN,ARU,1093,Union waters of 3a and 4,area_3a_4,
GER,ARU,11,Union waters of 3a and 4,area_3a_4,
FRA,ARU,8,Union waters of 3a and 4,area_3a_4,
IRL,ARU,8,Union waters of 3a and 4,area_3a_4,
NLD,ARU,51,Union waters of 3a and 4,area_3a_4,
SWE,ARU,43,Union waters of 3a and 4,area_3a_4,
UK,ARU,20,Union waters of 3a and 4,area_3a_4,
GER,ARU,284,"Union and international waters of 5, 6 and 7",area_5_6_7,
FRA,ARU,6,"Union and international waters of 5, 6 and 7",area_5_6_7,
IRL,ARU,263,"Union and international waters of 5, 6 and 7",area_5_6_7,
NLD,ARU,2968,"Union and international waters of 5, 6 and 7",area_5_6_7,
UK,ARU,208,"Union and international waters of 5, 6 and 7",area_5_6_7,
GER,USK,6,"Union and international waters of 1, 2 and 14",area_1_2_14,
FRA,USK,6,"Union and international waters of 1, 2 and 14",area_1_2_14,
UK,USK,6,"Union and international waters of 1, 2 and 14",area_1_2_14,
Others,USK,3,"Union and international waters of 1, 2 and 14",area_1_2_14,
DEN,USK,15,3a,area_3a,
SWE,USK,8,3a,area_3a,
GER,USK,8,3a,area_3a,
DEN,USK,68,Union waters of 4,area_4,
GER,USK,20,Union waters of 4,area_4,
FRA,USK,47,Union waters of 4,area_4,
SWE,USK,7,Union waters of 4,area_4,
UK,USK,102,Union waters of 4,area_4,
GER,USK,17,"Union and international waters of 5, 6 and 7",area_5_6_7,
ESP,USK,60,"Union and international waters of 5, 6 and 7",area_5_6_7,
FRA,USK,705,"Union and international waters of 5, 6 and 7",area_5_6_7,
IRL,USK,68,"Union and international waters of 5, 6 and 7",area_5_6_7,
UK,USK,340,"Union and international waters of 5, 6 and 7",area_5_6_7,
Others,USK,17,"Union and international waters of 5, 6 and 7",area_5_6_7,
DEN,USK,165,Norwegian waters of 4,nor4,
GER,USK,1,Norwegian waters of 4,nor4,
UK,USK,4,Norwegian waters of 4,nor4,
DEN,BOR,4700,"Union and international waters of 6, 7 and 8",area_6_7_8,
IRL,BOR,13235,"Union and international waters of 6, 7 and 8",area_6_7_8,
UK,BOR,1217,"Union and international waters of 6, 7 and 8",area_6_7_8,
DEN,HER,10309,3a,area_3a,
GER,HER,165,3a,area_3a,
SWE,HER,10783,3a,area_3a,
NOR,HER,3271,3a,area_3a,
DEN,HER,59468,Union and Norwegian waters of 4 north of 53° 30' N,area_4_535,
GER,HER,39404,Union and Norwegian waters of 4 north of 53° 30' N,area_4_535,
FRA,HER,20670,Union and Norwegian waters of 4 north of 53° 30' N,area_4_535,
SWE,HER,3913,Union and Norwegian waters of 4 north of 53° 30' N,area_4_535,
UK,HER,55583,Union and Norwegian waters of 4 north of 53° 30' N,area_4_535,
FRO,HER,250,Union and Norwegian waters of 4 north of 53° 30' N,area_4_535,
NOR,HER,111652,Union and Norwegian waters of 4 north of 53° 30' N,area_4_535,
Union,HER,50000,Norwegian waters south of 62° N,nor62s,special conditions
SWE,HER,948,Norwegian waters south of 62° N,nor62s,
DEN,HER,5692,3a,area_3a,
GER,HER,51,3a,area_3a,
SWE,HER,916,3a,area_3a,
BEL,HER,44,"4, 7d and Union waters of 2a",area_2aEU_4_7d,
DEN,HER,8573,"4, 7d and Union waters of 2a",area_2aEU_4_7d,
GER,HER,44,"4, 7d and Union waters of 2a",area_2aEU_4_7d,
FRA,HER,44,"4, 7d and Union waters of 2a",area_2aEU_4_7d,
NLD,HER,44,"4, 7d and Union waters of 2a",area_2aEU_4_7d,
SWE,HER,42,"4, 7d and Union waters of 2a",area_2aEU_4_7d,
UK,HER,163,"4, 7d and Union waters of 2a",area_2aEU_4_7d,
BEL,HER,8632,4c and 7d,area_4c_7d,
DEN,HER,800,4c and 7d,area_4c_7d,
GER,HER,530,4c and 7d,area_4c_7d,
FRA,HER,10277,4c and 7d,area_4c_7d,
NLD,HER,18162,4c and 7d,area_4c_7d,
UK,HER,3950,4c and 7d,area_4c_7d,
GER,HER,389,"Union and international waters of 5b, 6b and 6aN",area_5b_6b_6aN,
FRA,HER,74,"Union and international waters of 5b, 6b and 6aN",area_5b_6b_6aN,
IRL,HER,526,"Union and international waters of 5b, 6b and 6aN",area_5b_6b_6aN,
NLD,HER,389,"Union and international waters of 5b, 6b and 6aN",area_5b_6b_6aN,
UK,HER,2102,"Union and international waters of 5b, 6b and 6aN",area_5b_6b_6aN,
IRL,HER,1236,"6aS,7b and 7c",area_6aS_7b_7c,
NLD,HER,124,"6aS,7b and 7c",area_6aS_7b_7c,
IRL,HER,2099,7a,area_7a,
UK,HER,5965,7a,area_7a,
IRL,HER,465,7e and 7f,area_7e_7f,
UK,HER,465,7e and 7f,area_7e_7f,
GER,HER,10,"7g,7h,7j and7k",area_7g_7h_7j_7k,
FRA,HER,54,"7g,7h,7j and7k",area_7g_7h_7j_7k,
IRL,HER,750,"7g,7h,7j and7k",area_7g_7h_7j_7k,
NLD,HER,54,"7g,7h,7j and7k",area_7g_7h_7j_7k,
UK,HER,1,"7g,7h,7j and7k",area_7g_7h_7j_7k,
ESP,ANE,28703,8,area_8,
FRA,ANE,3189,8,area_8,
BEL,COD,5,Skaggerak,skaggerak,
DEN,COD,1683,Skaggerak,skaggerak,
GER,COD,42,Skaggerak,skaggerak,
NLD,COD,11,Skaggerak,skaggerak,
SWE,COD,294,Skaggerak,skaggerak,
DEN,COD,80,Kattegat,kattegat,
GER,COD,2,Kattegat,kattegat,
SWE,COD,48,Kattegat,kattegat,
BEL,COD,435,4; Union waters of 2a; that part of 3a not covered by the Skagerrak and Kattegat,area_2a_4_ska_kat,
DEN,COD,2499,4; Union waters of 2a; that part of 3a not covered by the Skagerrak and Kattegat,area_2a_4_ska_kat,
GER,COD,1584,4; Union waters of 2a; that part of 3a not covered by the Skagerrak and Kattegat,area_2a_4_ska_kat,
FRA,COD,537,4; Union waters of 2a; that part of 3a not covered by the Skagerrak and Kattegat,area_2a_4_ska_kat,
NLD,COD,1412,4; Union waters of 2a; that part of 3a not covered by the Skagerrak and Kattegat,area_2a_4_ska_kat,
SWE,COD,17,4; Union waters of 2a; that part of 3a not covered by the Skagerrak and Kattegat,area_2a_4_ska_kat,
UK,COD,5732,4; Union waters of 2a; that part of 3a not covered by the Skagerrak and Kattegat,area_2a_4_ska_kat,
NOR,COD,2502,4; Union waters of 2a; that part of 3a not covered by the Skagerrak and Kattegat,area_2a_4_ska_kat,
Union,COD,10618,Norwegian waters of 4,nor4,special conditions
SWE,COD,382,Norwegian waters south of 62° N,nor62s,
GER,COD,1,6b; Union and international waters of 5b west of 12°00' W and of 12 and 14,area_5b12W_6b_12_14,
FRA,COD,12,6b; Union and international waters of 5b west of 12°00' W and of 12 and 14,area_5b12W_6b_12_14,
IRL,COD,16,6b; Union and international waters of 5b west of 12°00' W and of 12 and 14,area_5b12W_6b_12_14,
UK,COD,45,6b; Union and international waters of 5b west of 12°00' W and of 12 and 14,area_5b12W_6b_12_14,
BEL,COD,2,6a; Union and international waters of 5b east of 12°00' W,area_5b12E_6a,
GER,COD,19,6a; Union and international waters of 5b east of 12°00' W,area_5b12E_6a,
FRA,COD,203,6a; Union and international waters of 5b east of 12°00' W,area_5b12E_6a,
IRL,COD,284,6a; Union and international waters of 5b east of 12°00' W,area_5b12E_6a,
UK,COD,771,6a; Union and international waters of 5b east of 12°00' W,area_5b12E_6a,
BEL,COD,3,7a,area_7a,
FRA,COD,9,7a,area_7a,
IRL,COD,170,7a,area_7a,
NLD,COD,1,7a,area_7a,
UK,COD,74,7a,area_7a,
BEL,COD,18,"7b, 7c, 7e-k, 8, 9 and 10; Union waters of CECAF 34.1.1",area_7b_7c_7e_k_8_9_10_CEFCAF,
FRA,COD,294,"7b, 7c, 7e-k, 8, 9 and 10; Union waters of CECAF 34.1.1",area_7b_7c_7e_k_8_9_10_CEFCAF,
IRL,COD,461,"7b, 7c, 7e-k, 8, 9 and 10; Union waters of CECAF 34.1.1",area_7b_7c_7e_k_8_9_10_CEFCAF,
UK,COD,32,"7b, 7c, 7e-k, 8, 9 and 10; Union waters of CECAF 34.1.1",area_7b_7c_7e_k_8_9_10_CEFCAF,
BEL,COD,37,7d,area_7d,
FRA,COD,721,7d,area_7d,
NLD,COD,21,7d,area_7d,
UK,COD,79,7d,area_7d,
BEL,LEZ,9,2a and 4,area_2a_4,
DEN,LEZ,8,2a and 4,area_2a_4,
GER,LEZ,8,2a and 4,area_2a_4,
FRA,LEZ,48,2a and 4,area_2a_4,
NLD,LEZ,38,2a and 4,area_2a_4,
UK,LEZ,2811,2a and 4,area_2a_4,
ESP,LEZ,671,Union and international waters of 5b; 6; international waters of 12 and 14,area_5b_6_12_14,
FRA,LEZ,2615,Union and international waters of 5b; 6; international waters of 12 and 14,area_5b_6_12_14,
IRL,LEZ,764,Union and international waters of 5b; 6; international waters of 12 and 14,area_5b_6_12_14,
UK,LEZ,1851,Union and international waters of 5b; 6; international waters of 12 and 14,area_5b_6_12_14,
BEL,LEZ,506,7,area_7,
ESP,LEZ,5620,7,area_7,
FRA,LEZ,6820,7,area_7,
IRL,LEZ,3101,7,area_7,
UK,LEZ,2685,7,area_7,
ESP,LEZ,993,"8a,8b,8d and 8e",area_8a_8b_8d_8e,
FRA,LEZ,801,"8a,8b,8d and 8e",area_8a_8b_8d_8e,
ESP,LEZ,2144,"8c, 9 and 10; Union waters of CECAF 34.1.1",area_8c_9_10_CEFCAF,
FRA,LEZ,107,"8c, 9 and 10; Union waters of CECAF 34.1.1",area_8c_9_10_CEFCAF,
POR,LEZ,71,"8c, 9 and 10; Union waters of CECAF 34.1.1",area_8c_9_10_CEFCAF,
BEL,ANF,498,Union waters of 2a and 4,area_2a_4 ,
DEN,ANF,1098,Union waters of 2a and 4,area_2a_4 ,
GER,ANF,536,Union waters of 2a and 4,area_2a_4,
FRA,ANF,102,Union waters of 2a and 4,area_2a_4,
NLD,ANF,377,Union waters of 2a and 4,area_2a_4,
SWE,ANF,13,Union waters of 2a and 4,area_2a_4,
UK,ANF,11461,Union waters of 2a and 4,area_2a_4,
BEL,ANF,51,Norwegian waters of 4,nor4,
DEN,ANF,1305,Norwegian waters of 4,nor4,
GER,ANF,21,Norwegian waters of 4,nor4,
NLD,ANF,18,Norwegian waters of 4,nor4,
UK,ANF,305,Norwegian waters of 4,nor4,
BEL,ANF,286,6; Union and international waters of 5b; international waters of 12 and 14,area_5b_6_12_14,
GER,ANF,327,6; Union and international waters of 5b; international waters of 12 and 14,area_5b_6_12_14,
ESP,ANF,307,6; Union and international waters of 5b; international waters of 12 and 14,area_5b_6_12_14,
FRA,ANF,3525,6; Union and international waters of 5b; international waters of 12 and 14,area_5b_6_12_14,
IRL,ANF,797,6; Union and international waters of 5b; international waters of 12 and 14,area_5b_6_12_14,
NLD,ANF,276,6; Union and international waters of 5b; international waters of 12 and 14,area_5b_6_12_14,
UK,ANF,2453,6; Union and international waters of 5b; international waters of 12 and 14,area_5b_6_12_14,
BEL,ANF,3262,7,area_7,
GER,ANF,364,7,area_7,
ESP,ANF,1296,7,area_7,
FRA,ANF,20932,7,area_7,
IRL,ANF,2675,7,area_7,
NLD,ANF,422,7,area_7,
UK,ANF,6348,7,area_7,
ESP,ANF,1372,"8a,8b,8d and 8e",area_8a_8b_8d_8e,
FRA,ANF,7636,"8a,8b,8d and 8e",area_8a_8b_8d_8e,
ESP,ANF,3353,"8c, 9 and 10; Union waters of CECAF 34.1.1",area_8c_9_10_CEFCAF,
FRA,ANF,3,"8c, 9 and 10; Union waters of CECAF 34.1.1",area_8c_9_10_CEFCAF,
POR,ANF,667,"8c, 9 and 10; Union waters of CECAF 34.1.1",area_8c_9_10_CEFCAF,
BEL,HAD,10,3a,area_3a,
DEN,HAD,1768,3a,area_3a,
GER,HAD,112,3a,area_3a,
NLD,HAD,2,3a,area_3a,
SWE,HAD,209,3a,area_3a,
BEL,HAD,206,4; Union waters of 2a,area_2aEU_4,
DEN,HAD,1416,4; Union waters of 2a,area_2aEU_4,
GER,HAD,901,4; Union waters of 2a,area_2aEU_4,
FRA,HAD,1571,4; Union waters of 2a,area_2aEU_4,
NLD,HAD,155,4; Union waters of 2a,area_2aEU_4,
SWE,HAD,143,4; Union waters of 2a,area_2aEU_4,
UK,HAD,23361,4; Union waters of 2a,area_2aEU_4,
Union,HAD,20644,Norwegian waters of 4,nor4,special conditions
SWE,HAD,707,Norwegian waters south of 62° N,nor62s,
BEL,HAD,23,"Union and international waters of 6b, 12 and 14",area_6b_12_14,
GER,HAD,28,"Union and international waters of 6b, 12 and 14",area_6b_12_14,
FRA,HAD,1155,"Union and international waters of 6b, 12 and 14",area_6b_12_14,
IRL,HAD,824,"Union and international waters of 6b, 12 and 14",area_6b_12_14,
UK,HAD,8442,"Union and international waters of 6b, 12 and 14",area_6b_12_14,
BEL,HAD,4,Union and international waters of 5b and 6a,area_5b_6a,
GER,HAD,5,Union and international waters of 5b and 6a,area_5b_6a,
FRA,HAD,219,Union and international waters of 5b and 6a,area_5b_6a,
IRL,HAD,651,Union and international waters of 5b and 6a,area_5b_6a,
UK,HAD,3094,Union and international waters of 5b and 6a,area_5b_6a,
BEL,HAD,121,"7b-k, 8, 9 and 10; Union waters of CECAF 34.1.1",area_7b_k_8c_9_10_CEFCAF,
FRA,HAD,7239,"7b-k, 8, 9 and 10; Union waters of CECAF 34.1.1",area_7b_k_8c_9_10_CEFCAF,
IRL,HAD,2413,"7b-k, 8, 9 and 10; Union waters of CECAF 34.1.1",area_7b_k_8c_9_10_CEFCAF,
UK,HAD,1086,"7b-k, 8, 9 and 10; Union waters of CECAF 34.1.1",area_7b_k_8c_9_10_CEFCAF,
BEL,HAD,50,7a,area_7a,
FRA,HAD,228,7a,area_7a,
IRL,HAD,1366,7a,area_7a,
UK,HAD,1512,7a,area_7a,
DEN,WHG,1166,3a,area_3a,
NLD,WHG,4,3a,area_3a,
SWE,WHG,125,3a,area_3a,
BEL,WHG,329,4;Union waters of 2a,area_2aEU_4,
DEN,WHG,1424,4;Union waters of 2a,area_2aEU_4,
GER,WHG,370,4;Union waters of 2a,area_2aEU_4,
FRA,WHG,2140,4;Union waters of 2a,area_2aEU_4,
NLD,WHG,823,4;Union waters of 2a,area_2aEU_4,
SWE,WHG,3,4;Union waters of 2a,area_2aEU_4,
UK,WHG,10293,4;Union waters of 2a,area_2aEU_4,
NOR,WHG,1216,4;Union waters of 2a,area_2aEU_4,
Union,WHG,10801,Norweigian waters of 4,nor4,special conditions
GER,WHG,3,6;Union and international waters of 5b;International waters of 12 and 14,area_5b_6_12_14,
FRA,WHG,57,6;Union and international waters of 5b;International waters of 12 and 14,area_5b_6_12_14,
IRL,WHG,273,6;Union and international waters of 5b;International waters of 12 and 14,area_5b_6_12_14,
UK,WHG,604,6;Union and international waters of 5b;International waters of 12 and 14,area_5b_6_12_14,
BEL,WHG,2,7a,area_7a,
FRA,WHG,25,7a,area_7a,
IRL,WHG,415,7a,area_7a,
UK,WHG,279,7a,area_7a,
BEL,WHG,92,"7b, 7c, 7d, 7e, 7f, 7g,7h,7j and 7k",area_7b_7c_7d_7e_7f_7g_7h_7j_7k,
FRA,WHG,5644,"7b, 7c, 7d, 7e, 7f, 7g,7h,7j and 7k",area_7b_7c_7d_7e_7f_7g_7h_7j_7k,
IRL,WHG,4072,"7b, 7c, 7d, 7e, 7f, 7g,7h,7j and 7k",area_7b_7c_7d_7e_7f_7g_7h_7j_7k,
NLD,WHG,46,"7b, 7c, 7d, 7e, 7f, 7g,7h,7j and 7k",area_7b_7c_7d_7e_7f_7g_7h_7j_7k,
UK,WHG,1009,"7b, 7c, 7d, 7e, 7f, 7g,7h,7j and 7k",area_7b_7c_7d_7e_7f_7g_7h_7j_7k,
ESP,WHG,1016,8,area_8,
FRA,WHG,1524,8,area_8,
SWE,WHG/POL,190,Norweigan waters south of 62 N,nor62s,
DEN,HKE,3136,3a,area_3a,
SWE,HKE,267,3a,area_3a,
BEL,HKE,56,Union waters of 2a and 4,area_2a_4,
DEN,HKE,2278,Union waters of 2a and 4,area_2a_4,
GER,HKE,261,Union waters of 2a and 4,area_2a_4,
FRA,HKE,504,Union waters of 2a and 4,area_2a_4,
NLD,HKE,131,Union waters of 2a and 4,area_2a_4,
UK,HKE,710,Union waters of 2a and 4,area_2a_4,
BEL,HKE,582,6 and 7:Union and international waters of 5b;international waters of 12 and 14,area_5b_6_7_12_14,
ESP,HKE,18667,6 and 7:Union and international waters of 5b;international waters of 12 and 14,area_5b_6_7_12_14,
FRA,HKE,28827,6 and 7:Union and international waters of 5b;international waters of 12 and 14,area_5b_6_7_12_14,
IRL,HKE,3493,6 and 7:Union and international waters of 5b;international waters of 12 and 14,area_5b_6_7_12_14,
NLD,HKE,376,6 and 7:Union and international waters of 5b;international waters of 12 and 14,area_5b_6_7_12_14,
UK,HKE,11380,6 and 7:Union and international waters of 5b;international waters of 12 and 14,area_5b_6_7_12_14,
BEL,HKE,75,"8a,8b,8d and 8e",area_8a_8b_8d_8e,special conditions
ESP,HKE,3012,"8a,8b,8d and 8e",area_8a_8b_8d_8e,special conditions
FRA,HKE,3012,"8a,8b,8d and 8e",area_8a_8b_8d_8e,special conditions
IRL,HKE,376,"8a,8b,8d and 8e",area_8a_8b_8d_8e,special conditions
NLD,HKE,38,"8a,8b,8d and 8e",area_8a_8b_8d_8e,special conditions
UK,HKE,1694,"8a,8b,8d and 8e",area_8a_8b_8d_8e,special conditions
BEL,HKE,19,"8a,8b,8d and 8e",area_8a_8b_8d_8e,
ESP,HKE,12995,"8a,8b,8d and 8e",area_8a_8b_8d_8e,
FRA,HKE,29183,"8a,8b,8d and 8e",area_8a_8b_8d_8e,
NLD,HKE,38,"8a,8b,8d and 8e",area_8a_8b_8d_8e,
BEL,HKE,4,6 and 7:Union and international waters of 5b;international waters of 12 and 14,area_5b_6_7_12_14,special conditions
ESP,HKE,3764,6 and 7:Union and international waters of 5b;international waters of 12 and 14,area_5b_6_7_12_14,special conditions
FRA,HKE,6776,6 and 7:Union and international waters of 5b;international waters of 12 and 14,area_5b_6_7_12_14,special conditions
NLD,HKE,11,6 and 7:Union and international waters of 5b;international waters of 12 and 14,area_5b_6_7_12_14,special conditions
ESP,HKE,5600,"8c, 9 and 10; Union waters of CECAF 34.1.1",area_8c_9_10_CEFCAF,
FRA,HKE,538,"8c, 9 and 10; Union waters of CECAF 34.1.1",area_8c_9_10_CEFCAF,
POR,HKE,2614,"8c, 9 and 10; Union waters of CECAF 34.1.1",area_8c_9_10_CEFCAF,
DEN,WHB,49845,"Union and international waters of 1, 2, 3, 4, 5, 6, 7, 8a, 8b, 8d, 8e, 12 and 14",area_1_2_3_4_5_6_7_8a_8b_8d_8e_12_14,
GER,WHB,19380,"Union and international waters of 1, 2, 3, 4, 5, 6, 7, 8a, 8b, 8d, 8e, 12 and 14",area_1_2_3_4_5_6_7_8a_8b_8d_8e_12_14,
ESP,WHB,42258,"Union and international waters of 1, 2, 3, 4, 5, 6, 7, 8a, 8b, 8d, 8e, 12 and 14",area_1_2_3_4_5_6_7_8a_8b_8d_8e_12_14,
FRA,WHB,34688,"Union and international waters of 1, 2, 3, 4, 5, 6, 7, 8a, 8b, 8d, 8e, 12 and 14",area_1_2_3_4_5_6_7_8a_8b_8d_8e_12_14,
IRL,WHB,38599,"Union and international waters of 1, 2, 3, 4, 5, 6, 7, 8a, 8b, 8d, 8e, 12 and 14",area_1_2_3_4_5_6_7_8a_8b_8d_8e_12_14,
NLD,WHB,60780,"Union and international waters of 1, 2, 3, 4, 5, 6, 7, 8a, 8b, 8d, 8e, 12 and 14",area_1_2_3_4_5_6_7_8a_8b_8d_8e_12_14,
POR,WHB,3926,"Union and international waters of 1, 2, 3, 4, 5, 6, 7, 8a, 8b, 8d, 8e, 12 and 14",area_1_2_3_4_5_6_7_8a_8b_8d_8e_12_14,
SWE,WHB,12330,"Union and international waters of 1, 2, 3, 4, 5, 6, 7, 8a, 8b, 8d, 8e, 12 and 14",area_1_2_3_4_5_6_7_8a_8b_8d_8e_12_14,
UK,WHB,64678,"Union and international waters of 1, 2, 3, 4, 5, 6, 7, 8a, 8b, 8d, 8e, 12 and 14",area_1_2_3_4_5_6_7_8a_8b_8d_8e_12_14,
NOR,WHB,99900,"Union and international waters of 1, 2, 3, 4, 5, 6, 7, 8a, 8b, 8d, 8e, 12 and 14",area_1_2_3_4_5_6_7_8a_8b_8d_8e_12_14,
FRO,WHB,10000,"Union and international waters of 1, 2, 3, 4, 5, 6, 7, 8a, 8b, 8d, 8e, 12 and 14",area_1_2_3_4_5_6_7_8a_8b_8d_8e_12_14,
ESP,WHB,35806,"8c, 9 and 10; Union waters of CECAF 34.1.1",area_8c_9_10_CEFCAF,
POR,WHB,8951,"8c, 9 and 10; Union waters of CECAF 34.1.1",area_8c_9_10_CEFCAF,
NOR,WHB,190809,"Union waters of 2, 4a, 5, 6 north of 56° 30' N and 7 west of 12° W",area_2_4a_5_6N56W19,
FRO,WHB,37500,"Union waters of 2, 4a, 5, 6 north of 56° 30' N and 7 west of 12° W",area_2_4a_5_6N56W19,
BEL,LEM/WIT,368,Union waters of 2a and 4,area_2a_4,
DEN,LEM/WIT,1012,Union waters of 2a and 4,area_2a_4,
GER,LEM/WIT,130,Union waters of 2a and 4,area_2a_4,
FRA,LEM/WIT,277,Union waters of 2a and 4,area_2a_4,
NLD,LEM/WIT,842,Union waters of 2a and 4,area_2a_4,
SWE,LEM/WIT,11,Union waters of 2a and 4,area_2a_4,
UK,LEM/WIT,4145,Union waters of 2a and 4,area_2a_4,
GER,BLI,113,"Union and international waters of 5b, 6 and 7",area_5b_6_7,
EST,BLI,17,"Union and international waters of 5b, 6 and 7",area_5b_6_7,
ESP,BLI,356,"Union and international waters of 5b, 6 and 7",area_5b_6_7,
FRA,BLI,8126,"Union and international waters of 5b, 6 and 7",area_5b_6_7,
IRL,BLI,31,"Union and international waters of 5b, 6 and 7",area_5b_6_7,
LIT,BLI,7,"Union and international waters of 5b, 6 and 7",area_5b_6_7,
POL,BLI,3,"Union and international waters of 5b, 6 and 7",area_5b_6_7,
UK,BLI,2066,"Union and international waters of 5b, 6 and 7",area_5b_6_7,
Others,BLI,31,"Union and international waters of 5b, 6 and 7",area_5b_6_7,
NOR,BLI,250,"Union and international waters of 5b, 6 and 7",area_5b_6_7,
FRO,BLI,150,"Union and international waters of 5b, 6 and 7",area_5b_6_7,
ESP,BLI,132,International waters of 12,area_12,
FRA,BLI,3,International waters of 12,area_12,
LIT,BLI,1,International waters of 12,area_12,
UK,BLI,1,International waters of 12,area_12,
DEN,BLI,2,Union and international waters of 2 and 4,area_2_4,
GER,BLI,2,Union and international waters of 2 and 4,area_2_4,
IRL,BLI,2,Union and international waters of 2 and 4,area_2_4,
FRA,BLI,15,Union and international waters of 2 and 4,area_2_4,
UK,BLI,9,Union and international waters of 2 and 4,area_2_4,
Others,BLI,2,Union and international waters of 2 and 4,area_2_4,
DEN,BLI,2,Union and international waters of 3a,area_3a,
GER,BLI,1,Union and international waters of 3a,area_3a,
SWE,BLI,2,Union and international waters of 3a,area_3a,
DEN,LIN,26,Union and international waters of 1 and 2,area_1_2,
GER,LIN,26,Union and international waters of 1 and 2,area_1_2,
FRA,LIN,26,Union and international waters of 1 and 2,area_1_2,
UK,LIN,26,Union and international waters of 1 and 2,area_1_2,
Others,LIN,13,Union and international waters of 1 and 2,area_1_2,
BEL,LIN,13,Union waters of 3a,area_3a,
DEN,LIN,101,Union waters of 3a,area_3a,
GER,LIN,13,Union waters of 3a,area_3a,
SWE,LIN,39,Union waters of 3a,area_3a,
UK,LIN,13,Union waters of 3a,area_3a,
BEL,LIN,27,Union waters of 4,area_4,
DEN,LIN,424,Union waters of 4,area_4,
GER,LIN,262,Union waters of 4,area_4,
FRA,LIN,236,Union waters of 4,area_4,
NLD,LIN,9,Union waters of 4,area_4,
SWE,LIN,18,Union waters of 4,area_4,
UK,LIN,3261,Union waters of 4,area_4,
BEL,LIN,9,Union and international waters of 5,area_5,
DEN,LIN,6,Union and international waters of 5,area_5,
GER,LIN,6,Union and international waters of 5,area_5,
FRA,LIN,6,Union and international waters of 5,area_5,
UK,LIN,6,Union and international waters of 5,area_5,
BEL,LIN,46,"Union and international waters of 6, 7, 8, 9, 10, 12 and 14",area_6_7_8_9_10_12_14,
DEN,LIN,8,"Union and international waters of 6, 7, 8, 9, 10, 12 and 14",area_6_7_8_9_10_12_14,
GER,LIN,166,"Union and international waters of 6, 7, 8, 9, 10, 12 and 14",area_6_7_8_9_10_12_14,
IRL,LIN,898,"Union and international waters of 6, 7, 8, 9, 10, 12 and 14",area_6_7_8_9_10_12_14,
ESP,LIN,3361,"Union and international waters of 6, 7, 8, 9, 10, 12 and 14",area_6_7_8_9_10_12_14,
FRA,LIN,3583,"Union and international waters of 6, 7, 8, 9, 10, 12 and 14",area_6_7_8_9_10_12_14,
POR,LIN,8,"Union and international waters of 6, 7, 8, 9, 10, 12 and 14",area_6_7_8_9_10_12_14,
UK,LIN,4126,"Union and international waters of 6, 7, 8, 9, 10, 12 and 14",area_6_7_8_9_10_12_14,
NOR,LIN,8000,"Union and international waters of 6, 7, 8, 9, 10, 12 and 14",area_6_7_8_9_10_12_14,
FRO,LIN,200,"Union and international waters of 6, 7, 8, 9, 10, 12 and 14",area_6_7_8_9_10_12_14,
BEL,LIN,9,Norweigan waters of 4,nor4,
DEN,LIN,1187,Norweigan waters of 4,nor4,
GER,LIN,33,Norweigan waters of 4,nor4,
FRA,LIN,13,Norweigan waters of 4,nor4,
NLD,LIN,2,Norweigan waters of 4,nor4,
UK,LIN,106,Norweigan waters of 4,nor4,
DEN,NEP,10093,3a,area_3a,
GER,NEP,29,3a,area_3a,
SWE,NEP,3611,3a,area_3a,
BEL,NEP,1203,Union waters 2a and 4,area_2a_4,
DEN,NEP,1203,Union waters 2a and 4,area_2a_4,
GER,NEP,18,Union waters 2a and 4,area_2a_4,
FRA,NEP,35,Union waters 2a and 4,area_2a_4,
NLD,NEP,619,Union waters 2a and 4,area_2a_4,
UK,NEP,19924,Union waters 2a and 4,area_2a_4,
DEN,NEP,568,Norweigan waters of 4,nor4,
UK,NEP,32,Norweigan waters of 4,nor4,
ESP,NEP,32,6:Union and international waters of 5b,area_5b_6,
FRA,NEP,129,6:Union and international waters of 5b,area_5b_6,
IRL,NEP,215,6:Union and international waters of 5b,area_5b_6,
UK,NEP,15523,6:Union and international waters of 5b,area_5b_6,
ESP,NEP,1009,7,area_7,
FRA,NEP,4089,7,area_7,
IRL,NEP,6201,7,area_7,
UK,NEP,5516,7,area_7,
ESP,NEP,233,"8a,8b,8d and 8e",area_8a_8b_8d_8e,
FRA,NEP,3653,"8a,8b,8d and 8e",area_8a_8b_8d_8e,
ESP,NEP,2.7,8c,area_8c,
ESP,NEP,97,9 and 10; Union waters of CEFCAF 34.1.1,area_9_10_CEFCAF,
POR,NEP,289,9 and 10; Union waters of CEFCAF 34.1.1,area_9_10_CEFCAF,
DEN,PRA,1537,3a,area_3a,
SWE,PRA,828,3a,area_3a,
DEN,PRA,892,Union waters of 2a and 4,area_2a_4,
NLD,PRA,8,Union waters of 2a and 4,area_2a_4,
SWE,PRA,36,Union waters of 2a and 4,area_2a_4,
UK,PRA,264,Union waters of 2a and 4,area_2a_4,
DEN,PRA,200,Norweigan waters south of 62 N,nor62s,
SWE,PRA,123,Norweigan waters south of 62 N,nor62s,
BEL,PLE,102,Skaggerak,skaggerak,
DEN,PLE,13231,Skaggerak,skaggerak,
GER,PLE,68,Skaggerak,skaggerak,
NLD,PLE,2545,Skaggerak,skaggerak,
SWE,PLE,709,Skaggerak,skaggerak,
DEN,PLE,1016,Kattegat,kattegat,
GER,PLE,11,Kattegat,kattegat,
SWE,PLE,114,Kattegat,kattegat,
BEL,PLE,5522,4: Union waters of 2a; that part of 3a not covered by Skaggerak and Kattegat,area_2a_4_ska_kat,
DEN,PLE,17946,4: Union waters of 2a; that part of 3a not covered by Skaggerak and Kattegat,area_2a_4_ska_kat,
GER,PLE,5177,4: Union waters of 2a; that part of 3a not covered by Skaggerak and Kattegat,area_2a_4_ska_kat,
FRA,PLE,1035,4: Union waters of 2a; that part of 3a not covered by Skaggerak and Kattegat,area_2a_4_ska_kat,
NLD,PLE,34510,4: Union waters of 2a; that part of 3a not covered by Skaggerak and Kattegat,area_2a_4_ska_kat,
UK,PLE,25538,4: Union waters of 2a; that part of 3a not covered by Skaggerak and Kattegat,area_2a_4_ska_kat,
NOR,PLE,10280,4: Union waters of 2a; that part of 3a not covered by Skaggerak and Kattegat,area_2a_4_ska_kat,
Union,PLE,56041,Norweigian waters of 4,nor4,special conditions
FRA,PLE,9,6:Union and international waters of 5b:International waters of 12 and 14,area_5b_6_12_14,
IRL,PLE,261,6:Union and international waters of 5b:International waters of 12 and 14,area_5b_6_12_14,
UK,PLE,388,6:Union and international waters of 5b:International waters of 12 and 14,area_5b_6_12_14,
BEL,PLE,115,7a,area_7a,
FRA,PLE,50,7a,area_7a,
IRL,PLE,1442,7a,area_7a,
NLD,PLE,35,7a,area_7a,
UK,PLE,1148,7a,area_7a,
FRA,PLE,11,7b and 7c,area_7b_7c,
IRL,PLE,63,7b and 7c,area_7b_7c,
BEL,PLE,1498,7d and 7e,area_7d_7e,
FRA,PLE,4993,7d and 7e,area_7d_7e,
UK,PLE,2663,7d and 7e,area_7d_7e,
BEL,PLE,466,7f and 7g,area_7f_7g,
FRA,PLE,842,7f and 7g,area_7f_7g,
IRL,PLE,255,7f and 7g,area_7f_7g,
UK,PLE,440,7f and 7g,area_7f_7g,
BEL,PLE,4,"7h,7j and 7k",area_7h_7j_7k,
FRA,PLE,8,"7h,7j and 7k",area_7h_7j_7k,
IRL,PLE,30,"7h,7j and 7k",area_7h_7j_7k,
NLD,PLE,17,"7h,7j and 7k",area_7h_7j_7k,
UK,PLE,8,"7h,7j and 7k",area_7h_7j_7k,
ESP,PLE,59,"8,9 and 10; Union waters of CECAF 34.1.1",area_8_9_10_CEFCAF,
FRA,PLE,237,"8,9 and 10; Union waters of CECAF 34.1.1",area_8_9_10_CEFCAF,
POR,PLE,59,"8,9 and 10; Union waters of CECAF 34.1.1",area_8_9_10_CEFCAF,
ESP,POL,3,6;Union and international waters of 5b;International waters of 12 and 14,area_5b_6_12_14,
FRA,POL,114,6;Union and international waters of 5b;International waters of 12 and 14,area_5b_6_12_14,
IRL,POL,34,6;Union and international waters of 5b;International waters of 12 and 14,area_5b_6_12_14,
UK,POL,87,6;Union and international waters of 5b;International waters of 12 and 14,area_5b_6_12_14,
BEL,POL,378,7,area_7,
ESP,POL,23,7,area_7,
FRA,POL,8712,7,area_7,
IRL,POL,929,7,area_7,
UK,POL,2121,7,area_7,
ESP,POL,252,"8a,8b,8d and 8e",area_8a_8b_8d_8e,
FRA,POL,1230,"8a,8b,8d and 8e",area_8a_8b_8d_8e,
ESP,POL,187,8c,area_8c,
FRA,POL,21,8c,area_8c,
ESP,POL,246,9 and 10; Union waters of CEFCAF 34.1.1,area_9_10_CEFCAF,
POR,POL,8,9 and 10; Union waters of CEFCAF 34.1.1,area_9_10_CEFCAF,
BEL,POK,28,3a and 4; Union waters of 2a,area_2a_3a_4,
DEN,POK,3292,3a and 4; Union waters of 2a,area_2a_3a_4,
GER,POK,8314,3a and 4; Union waters of 2a,area_2a_3a_4,
FRA,POK,19567,3a and 4; Union waters of 2a,area_2a_3a_4,
NLD,POK,83,3a and 4; Union waters of 2a,area_2a_3a_4,
SWE,POK,452,3a and 4; Union waters of 2a,area_2a_3a_4,
UK,POK,6374,3a and 4; Union waters of 2a,area_2a_3a_4,
NOR,POK,41703,3a and 4; Union waters of 2a,area_2a_3a_4,
GER,POK,350,6;Union and international waters of 5b;International waters of 12 and 14,area_5b_6_12_141,
FRA,POK,3479,6;Union and international waters of 5b;International waters of 12 and 14,area_5b_6_12_141,
IRL,POK,401,6;Union and international waters of 5b;International waters of 12 and 14,area_5b_6_12_141,
UK,POK,3110,6;Union and international waters of 5b;International waters of 12 and 14,area_5b_6_12_141,
NOR,POK,940,6;Union and international waters of 5b;International waters of 12 and 14,area_5b_6_12_141,
SWE,POK,880,Norweigan waters south of 62 N,nor62s,
BEL,POK,6,"7,8,9 and 10;Union watersof CECAF 34.1.1",area_7_8_9_10_CEFCAF,
FRA,POK,1245,"7,8,9 and 10;Union watersof CECAF 34.1.1",area_7_8_9_10_CEFCAF,
IRL,POK,1491,"7,8,9 and 10;Union watersof CECAF 34.1.1",area_7_8_9_10_CEFCAF,
UK,POK,434,"7,8,9 and 10;Union watersof CECAF 34.1.1",area_7_8_9_10_CEFCAF,
BEL,TUR/BLL,477,Union waters of 2a and 4,area_2a_4,
DEN,TUR/BLL,1018,Union waters of 2a and 4,area_2a_4,
GER,TUR/BLL,260,Union waters of 2a and 4,area_2a_4,
FRA,TUR/BLL,123,Union waters of 2a and 4,area_2a_4,
NLD,TUR/BLL,3609,Union waters of 2a and 4,area_2a_4,
SWE,TUR/BLL,7,Union waters of 2a and 4,area_2a_4,
UK,TUR/BLL,1004,Union waters of 2a and 4,area_2a_4,
BEL,SRX,292,Union waters of 2a and 4,area_2a_4,
DEN,SRX,11,Union waters of 2a and 4,area_2a_4,
GER,SRX,14,Union waters of 2a and 4,area_2a_4,
FRA,SRX,46,Union waters of 2a and 4,area_2a_4,
NLD,SRX,249,Union waters of 2a and 4,area_2a_4,
UK,SRX,1125,Union waters of 2a and 4,area_2a_4,
DEN,SRX,37,3a,area_3a,
SWE,SRX,10,3a,area_3a,
BEL,SRX,920,"Union waters of 6a, 6b, 7a-c and 7e-k",area_6_7a_c_7e_k,
EST,SRX,5,"Union waters of 6a, 6b, 7a-c and 7e-k",area_6_7a_c_7e_k,
FRA,SRX,4127,"Union waters of 6a, 6b, 7a-c and 7e-k",area_6_7a_c_7e_k,
GER,SRX,12,"Union waters of 6a, 6b, 7a-c and 7e-k",area_6_7a_c_7e_k,
IRL,SRX,1329,"Union waters of 6a, 6b, 7a-c and 7e-k",area_6_7a_c_7e_k,
LIT,SRX,21,"Union waters of 6a, 6b, 7a-c and 7e-k",area_6_7a_c_7e_k,
NLD,SRX,4,"Union waters of 6a, 6b, 7a-c and 7e-k",area_6_7a_c_7e_k,
POR,SRX,23,"Union waters of 6a, 6b, 7a-c and 7e-k",area_6_7a_c_7e_k,
ESP,SRX,1111,"Union waters of 6a, 6b, 7a-c and 7e-k",area_6_7a_c_7e_k,
UK,SRX,2632,"Union waters of 6a, 6b, 7a-c and 7e-k",area_6_7a_c_7e_k,
BEL,SRX,133,7d,area_7d,
FRA,SRX,1112,7d,area_7d,
NLD,SRX,7,7d,area_7d,
UK,SRX,222,7d,area_7d,
BEL,RJU,21,7d and 7e,area_7d_7e,
FRA,RJU,105,7d and 7e,area_7d_7e,
IRL,RJU,27,7d and 7e,area_7d_7e,
ESP,RJU,23,7d and 7e,area_7d_7e,
UK,RJU,58,7d and 7e,area_7d_7e,
BEL,SRX,10,Union waters of 8 and 9,area_8_9,
FRA,SRX,1805,Union waters of 8 and 9,area_8_9,
POR,SRX,1463,Union waters of 8 and 9,area_8_9,
ESP,SRX,1471,Union waters of 8 and 9,area_8_9,
UK,SRX,10,Union waters of 8 and 9,area_8_9,
DEN,GHL,14,Union waters of 2a and 4; Union and international waters of 5b and 6,area_2a_4_5b_6 ,
GER,GHL,25,Union waters of 2a and 4; Union and international waters of 5b and 6,area_2a_4_5b_6 ,
EST,GHL,14,Union waters of 2a and 4; Union and international waters of 5b and 6,area_2a_4_5b_6,
ESP,GHL,14,Union waters of 2a and 4; Union and international waters of 5b and 6,area_2a_4_5b_6,
FRA,GHL,231,Union waters of 2a and 4; Union and international waters of 5b and 6,area_2a_4_5b_6,
IRL,GHL,14,Union waters of 2a and 4; Union and international waters of 5b and 6,area_2a_4_5b_6,
LIT,GHL,14,Union waters of 2a and 4; Union and international waters of 5b and 6,area_2a_4_5b_6,
POL,GHL,14,Union waters of 2a and 4; Union and international waters of 5b and 6,area_2a_4_5b_6,
UK,GHL,910,Union waters of 2a and 4; Union and international waters of 5b and 6,area_2a_4_5b_6,
NOR,GHL,1250,Union waters of 2a and 4; Union and international waters of 5b and 6,area_2a_4_5b_6,
BEL,MAC,581,"3a and 4; Union waters of 2a, 3b, 3c and subdivisions 22-32",area_3a_4_2a_3b_3c_22_32,
DEN,MAC,19998,"3a and 4; Union waters of 2a, 3b, 3c and subdivisions 22-32",area_3a_4_2a_3b_3c_22_32,
GER,MAC,606,"3a and 4; Union waters of 2a, 3b, 3c and subdivisions 22-32",area_3a_4_2a_3b_3c_22_32,
FRA,MAC,1830,"3a and 4; Union waters of 2a, 3b, 3c and subdivisions 22-32",area_3a_4_2a_3b_3c_22_32,
NLD,MAC,1842,"3a and 4; Union waters of 2a, 3b, 3c and subdivisions 22-32",area_3a_4_2a_3b_3c_22_32,
SWE,MAC,5459,"3a and 4; Union waters of 2a, 3b, 3c and subdivisions 22-32",area_3a_4_2a_3b_3c_22_32,
UK,MAC,1706,"3a and 4; Union waters of 2a, 3b, 3c and subdivisions 22-32",area_3a_4_2a_3b_3c_22_32,
NOR,MAC,191059,"3a and 4; Union waters of 2a, 3b, 3c and subdivisions 22-32",area_3a_4_2a_3b_3c_22_32,
NOR,MAC,3000,3a,area_3a,special conditions
DEN,MAC,4130,3a and 4bc,area_3a_4b_4c,special conditions
FRA,MAC,490,3a and 4bc,area_3a_4b_4c,special conditions
NLD,MAC,490,3a and 4bc,area_3a_4b_4c,special conditions
UK,MAC,490,3a and 4bc,area_3a_4b_4c,special conditions
SWE,MAC,390,4b,area_4b,special conditions
SWE,MAC,10,4c,area_4c,special conditions
DEN,MAC,11999,"6, international waters of 2a from 1 january to 15 February and from 1 september to 31 december",area_2a_6,special conditions
SWE,MAC,3113,"6, international waters of 2a from 1 january to 15 February and from 1 september to 31 december",area_2a_6,special conditions
GER,MAC,23416,"6,7,8a,8b,8d and 8e,Union and international waters of 5b;international waters of 2a, 12 and 14",area_2a_5b_6_7_8a_8b_8d_8e_12_14 ,
ESP,MAC,24,"6,7,8a,8b,8d and 8e,Union and international waters of 5b;international waters of 2a, 12 and 14",area_2a_5b_6_7_8a_8b_8d_8e_12_14 ,
EST,MAC,195,"6,7,8a,8b,8d and 8e,Union and international waters of 5b;international waters of 2a, 12 and 14",area_2a_5b_6_7_8a_8b_8d_8e_12_14,
FRA,MAC,15612,"6,7,8a,8b,8d and 8e,Union and international waters of 5b;international waters of 2a, 12 and 14",area_2a_5b_6_7_8a_8b_8d_8e_12_14,
IRL,MAC,78052,"6,7,8a,8b,8d and 8e,Union and international waters of 5b;international waters of 2a, 12 and 14",area_2a_5b_6_7_8a_8b_8d_8e_12_14,
LAT,MAC,144,"6,7,8a,8b,8d and 8e,Union and international waters of 5b;international waters of 2a, 12 and 14",area_2a_5b_6_7_8a_8b_8d_8e_12_14,
LIT,MAC,144,"6,7,8a,8b,8d and 8e,Union and international waters of 5b;international waters of 2a, 12 and 14",area_2a_5b_6_7_8a_8b_8d_8e_12_14,
NLD,MAC,34147,"6,7,8a,8b,8d and 8e,Union and international waters of 5b;international waters of 2a, 12 and 14",area_2a_5b_6_7_8a_8b_8d_8e_12_14,
POL,MAC,1649,"6,7,8a,8b,8d and 8e,Union and international waters of 5b;international waters of 2a, 12 and 14",area_2a_5b_6_7_8a_8b_8d_8e_12_14,
UK,MAC,214647,"6,7,8a,8b,8d and 8e,Union and international waters of 5b;international waters of 2a, 12 and 14",area_2a_5b_6_7_8a_8b_8d_8e_12_14,
NOR,MAC,16492,"6,7,8a,8b,8d and 8e,Union and international waters of 5b;international waters of 2a, 12 and 14",area_2a_5b_6_7_8a_8b_8d_8e_12_14,
FRO,MAC,34856,"6,7,8a,8b,8d and 8e,Union and international waters of 5b;international waters of 2a, 12 and 14",area_2a_5b_6_7_8a_8b_8d_8e_12_14,
GER,MAC,14132,Union waters of 2a; Union and Norwegian waters of 4a. During periods from 1 january to 15 february and from 1 september to december 31,area_2a_4a,special conditions
FRA,MAC,9422,Union waters of 2a; Union and Norwegian waters of 4a. During periods from 1 january to 15 february and from 1 september to december 31,area_2a_4a,special conditions
IRL,MAC,47107,Union waters of 2a; Union and Norwegian waters of 4a. During periods from 1 january to 15 february and from 1 september to december 31,area_2a_4a,special conditions
NLD,MAC,20609,Union waters of 2a; Union and Norwegian waters of 4a. During periods from 1 january to 15 february and from 1 september to december 31,area_2a_4a,special conditions
UK,MAC,129549,Union waters of 2a; Union and Norwegian waters of 4a. During periods from 1 january to 15 february and from 1 september to december 31,area_2a_4a,special conditions
GER,MAC,1904,Norwegian waters of 2a,norwegian2a,special conditions
FRA,MAC,1268,Norwegian waters of 2a,norwegian2a,special conditions
IRL,MAC,6349,Norwegian waters of 2a,norwegian2a,special conditions
NLD,MAC,2776,Norwegian waters of 2a,norwegian2a,special conditions
UK,MAC,17463,Norwegian waters of 2a,norwegian2a,special conditions
GER,MAC,1948,Faroese waters,faroese,special conditions
FRA,MAC,1299,Faroese waters,faroese,special conditions
IRL,MAC,6494,Faroese waters,faroese,special conditions
NLD,MAC,2841,Faroese waters,faroese,special conditions
UK,MAC,17860,Faroese waters,faroese,special conditions
ESP,MAC,34708,"8c,9 and 10",area_8c_9_10_CEFCAF,
FRA,MAC,230,"8c,9 and 10",area_8c_9_10_CEFCAF,
POR,MAC,7174,"8c,9 and 10",area_8c_9_10_CEFCAF,
ESP,MAC,2915,8b,area_8b,special conditions
FRA,MAC,19,8b,area_8b,special conditions
POR,MAC,602,8b,area_8b,special conditions
DEN,MAC,14453,Norwegian waters of 2a and 4,nor2a4a,
DEN,SOL,447,3a;Union waters of subdivisions 22-24,area_3a_22_24,
GER,SOL,26,3a;Union waters of subdivisions 22-24,area_3a_22_25,
NLD,SOL,43,3a;Union waters of subdivisions 22-24,area_3a_22_26,
SWE,SOL,17,3a;Union waters of subdivisions 22-24,area_3a_22_27,
BEL,SOL,1461,Union waters of 2a and 4,area_2a_4,
DEN,SOL,668,Union waters of 2a and 4,area_2a_4,
GER,SOL,1169,Union waters of 2a and 4,area_2a_4,
FRA,SOL,292,Union waters of 2a and 4,area_2a_4,
NLD,SOL,13194,Union waters of 2a and 4,area_2a_4,
UK,SOL,751,Union waters of 2a and 4,area_2a_4,
NOR,SOL,10,Union waters of 2a and 4,area_2a_4,
IRL,SOL ,46,6;Union and international waters of 5b;International waters of 12 and 14,area_5b_6_12_14,
UK,SOL,11,6;Union and international waters of 5b;International waters of 12 and 14,area_5b_6_12_14,
BEL,SOL,213,7a,area_7a,
FRA,SOL,3,7a,area_7a,
IRL,SOL,77,7a,area_7a,
NLD,SOL,68,7a,area_7a,
UK,SOL,96,7a,area_7a,
FRA,SOL,6,7b and 7c,area_7b_7c,
IRL,SOL,36,7b and 7c,area_7b_7c,
BEL,SOL,753,7d,area_7d,
FRA,SOL,1506,7d,area_7d,
UK,SOL,538,7d,area_7d,
BEL,SOL,52,7e,area_7e,
FRA,SOL,556,7e,area_7e,
UK,SOL,870,7e,area_7e,
BEL,SOL,1032,7f and 7g,area_7f_7g,
FRA,SOL,103,7f and 7g,area_7f_7g,
IRL,SOL,52,7f and 7g,area_7f_7g,
UK,SOL,465,7f and 7g,area_7f_7g,
BEL,SOL,27,"7h,7j and 7k",area_7h_7j_7k,
FRA,SOL,55,"7h,7j and 7k",area_7h_7j_7k,
IRL,SOL,148,"7h,7j and 7k",area_7h_7j_7k,
NLD,SOL,44,"7h,7j and 7k",area_7h_7j_7k,
UK,SOL,55,"7h,7j and 7k",area_7h_7j_7k,
BEL,SOL,45,8a and 8b,area_8a_8b,
ESP,SOL,8,8a and 8b,area_8a_8b,
FRA,SOL,3361,8a and 8b,area_8a_8b,
NLD,SOL,252,8a and 8b,area_8a_8b,
ESP,SOO,323,"8c,8d,8e,9 and 10;Union waters of CECAF 34.1.1",area_8c_8d_8e_9_10_CEFCAF,
POR,SOO,535,"8c,8d,8e,9 and 10;Union waters of CECAF 34.1.1",area_8c_8d_8e_9_10_CEFCAF,
DEN,SPR,8920,3a,area_3a,
GER,SPR,19,3a,area_3a,
SWE,SPR,3375,3a,area_3a,
BEL,SPR,8,7d and 7e,area_7d_7e,
DEN,SPR,489,7d and 7e,area_7d_7e,
GER ,SPR,8,7d and 7e,area_7d_7e,
FRA,SPR,105,7d and 7e,area_7d_7e,
NLD,SPR,105,7d and 7e,area_7d_7e,
UK,SPR,791,7d and 7e,area_7d_7e,
BEL,DGS,20,"Union and international waters of 1, 5, 6, 7, 8, 12 and 14",area_1_5_6_7_8_12_14,
GER,DGS,4,"Union and international waters of 1, 5, 6, 7, 8, 12 and 14",area_1_5_6_7_8_12_14,
ESP,DGS,10,"Union and international waters of 1, 5, 6, 7, 8, 12 and 14",area_1_5_6_7_8_12_14,
FRA,DGS,83,"Union and international waters of 1, 5, 6, 7, 8, 12 and 14",area_1_5_6_7_8_12_14,
IRL,DGS,53,"Union and international waters of 1, 5, 6, 7, 8, 12 and 14",area_1_5_6_7_8_12_14,
UK,DGS,100,"Union and international waters of 1, 5, 6, 7, 8, 12 and 14",area_1_5_6_7_8_12_14,
BEL,JAX,12,"Union waters of 4b, 4c and 7d",area_4b_4c_7d,
DEN,JAX,5311,"Union waters of 4b, 4c and 7d",area_4b_4c_7d,
GER,JAX,469,"Union waters of 4b, 4c and 7d",area_4b_4c_7d,
ESP,JAX,99,"Union waters of 4b, 4c and 7d",area_4b_4c_7d,
FRA,JAX,441,"Union waters of 4b, 4c and 7d",area_4b_4c_7d,
IRL,JAX,334,"Union waters of 4b, 4c and 7d",area_4b_4c_7d,
NLD,JAX,3197,"Union waters of 4b, 4c and 7d",area_4b_4c_7d,
POR,JAX,11,"Union waters of 4b, 4c and 7d",area_4b_4c_7d,
SWE,JAX,75,"Union waters of 4b, 4c and 7d",area_4b_4c_7d,
UK,JAX,1264,"Union waters of 4b, 4c and 7d",area_4b_4c_7d,
NOR,JAX,2550,"Union waters of 4b, 4c and 7d",area_4b_4c_7d,
DEN,JAX,6821,"Union waters of 2a, 4a; 6, 7a-c,7e-k,8a,8b,8d, and 8e; Union and international waters of 5b; international waters of 12 and 14",area_2a_4a_5b_6_7a_c_7e_k_8a_8b_8d_8e_12_14,
GER,JAX,5322,"Union waters of 2a, 4a; 6, 7a-c,7e-k,8a,8b,8d, and 8e; Union and international waters of 5b; international waters of 12 and 14",area_2a_4a_5b_6_7a_c_7e_k_8a_8b_8d_8e_12_14,
ESP,JAX,7260,"Union waters of 2a, 4a; 6, 7a-c,7e-k,8a,8b,8d, and 8e; Union and international waters of 5b; international waters of 12 and 14",area_2a_4a_5b_6_7a_c_7e_k_8a_8b_8d_8e_12_14,
FRA,JAX,2739,"Union waters of 2a, 4a; 6, 7a-c,7e-k,8a,8b,8d, and 8e; Union and international waters of 5b; international waters of 12 and 14",area_2a_4a_5b_6_7a_c_7e_k_8a_8b_8d_8e_12_14,
IRL,JAX,17726,"Union waters of 2a, 4a; 6, 7a-c,7e-k,8a,8b,8d, and 8e; Union and international waters of 5b; international waters of 12 and 14",area_2a_4a_5b_6_7a_c_7e_k_8a_8b_8d_8e_12_14,
NLD,JAX,21356,"Union waters of 2a, 4a; 6, 7a-c,7e-k,8a,8b,8d, and 8e; Union and international waters of 5b; international waters of 12 and 14",area_2a_4a_5b_6_7a_c_7e_k_8a_8b_8d_8e_12_14,
POR,JAX,699,"Union waters of 2a, 4a; 6, 7a-c,7e-k,8a,8b,8d, and 8e; Union and international waters of 5b; international waters of 12 and 14",area_2a_4a_5b_6_7a_c_7e_k_8a_8b_8d_8e_12_14,
SWE,JAX,675,"Union waters of 2a, 4a; 6, 7a-c,7e-k,8a,8b,8d, and 8e; Union and international waters of 5b; international waters of 12 and 14",area_2a_4a_5b_6_7a_c_7e_k_8a_8b_8d_8e_12_14,
UK,JAX,6419,"Union waters of 2a, 4a; 6, 7a-c,7e-k,8a,8b,8d, and 8e; Union and international waters of 5b; international waters of 12 and 14",area_2a_4a_5b_6_7a_c_7e_k_8a_8b_8d_8e_12_14,
FRO,JAX,1600,"Union waters of 2a, 4a; 6, 7a-c,7e-k,8a,8b,8d, and 8e; Union and international waters of 5b; international waters of 12 and 14",area_2a_4a_5b_6_7a_c_7e_k_8a_8b_8d_8e_12_14,
ESP,JAX,10015,8c,area_8c,
FRA,JAX,174,8c,area_8c,
POR,JAX,990,8c,area_8c,
ESP,JAX,30237,9,area_9,
POR,JAX,86634,9,area_9,
DEN,NOP,64940,3a; Union waters of 2a and 4,area_2a_3a_4,
GER,NOP,12,3a; Union waters of 2a and 4,area_2a_3a_4,
NLD,NOP,48,3a; Union waters of 2a and 4,area_2a_3a_4,
NOR,NOP,14500,3a; Union waters of 2a and 4,area_2a_3a_4,
FRO,NOP,5000,3a; Union waters of 2a and 4,area_2a_3a_4,
SWE,Industrial_fish,800,Norwegian waters of 4,nor4,
NOR,Other_species,280,"Union waters of 5b, 6 and 7",area_5b_6_7,
BEL ,Other_species,60,Norwegian waters of 4,nor4,
DEN,Other_species,5500,Norwegian waters of 4,nor4,
GER,Other_species,620,Norwegian waters of 4,nor4,
FRA,Other_species,255,Norwegian waters of 4,nor4,
NLD,Other_species,440,Norwegian waters of 4,nor4,
UK,Other_species,4125,Norwegian waters of 4,nor4,
NOR,Other_species,6750,"Union waters of 2a, 4 and 6a north of 56 30' N",area_2a_4_6a565N,
FRO,Other_species,150,"Union waters of 2a, 4 and 6a north of 56 30' N",area_2a_4_6a565N,
ESP,NEP,795,Functional unit 16 of ICES Subarea 7,func16,
FRA,NEP,468,Functional unit 16 of ICES Subarea 7,func16,
IRL,NEP,957,Functional unit 16 of ICES Subarea 7,func16,
UK,NEP,387,Functional unit 16 of ICES Subarea 7,func16,
BEL,RJE,17,Union waters of 7f and 7g,area_7f_7g,special conditions
FRA,RJE,79,Union waters of 7f and 7g,area_7f_7g,special conditions
IRL,RJE,25,Union waters of 7f and 7g,area_7f_7g,special conditions
ESP,RJE,21,Union waters of 7f and 7g,area_7f_7g,special conditions
UK,RJE,50,Union waters of 7f and 7g,area_7f_7g,special conditions
FRA,RJU,13,Union waters of 8,area_7f_7g,special conditions
POR,RJU,10,Union waters of 8,area_8,
ESP,RJU,10,Union waters of 8,area_8,
FRA,RJU,20,Union waters of 9,area_8,
POR,RJU,15,Union waters of 9,area_9,
ESP,RJU,15,Union waters of 9,area_9,
BEL,MAC,79,Norwegian waters of 2a,nor2a,special conditions
DEN,MAC,2695,Norwegian waters of 2a,nor2a,special conditions
GER,MAC,82,Norwegian waters of 2a,nor2a,special conditions
FRA,MAC,247,Norwegian waters of 2a,nor2a,special conditions
NLD,MAC,248,Norwegian waters of 2a,nor2a,special conditions
SWE,MAC,736,Norwegian waters of 2a,nor2a,special conditions
UK,MAC,230,Norwegian waters of 2a,nor2a,special conditions
BEL,MAC,80,Faroese waters,faroese,special conditions
DEN,MAC,2756,Faroese waters,faroese,special conditions
GER,MAC,84,Faroese waters,faroese,special conditions
FRA,MAC,252,Faroese waters,faroese,special conditions
NLD,MAC,254,Faroese waters,faroese,special conditions
SWE,MAC,753,Faroese waters,faroese,special conditions
UK,MAC,235,Faroese waters,faroese,special conditions
